Date,Adj Close
12/1/14,379.244995
12/2/14,381.315002
12/3/14,375.01001
12/4/14,369.604004
12/5/14,376.854004
12/6/14,374.785004
12/7/14,375.095001
12/8/14,361.908997
12/9/14,352.218994
12/10/14,346.36499
12/11/14,350.506012
12/12/14,352.541992
12/13/14,347.376007
12/14/14,351.631989
12/15/14,345.345001
12/16/14,327.062012
12/17/14,319.776001
12/18/14,311.395996
12/19/14,317.842987
12/20/14,329.955994
12/21/14,320.842987
12/22/14,331.885986
12/23/14,334.571991
12/24/14,322.533997
12/25/14,319.007996
12/26/14,327.924011
12/27/14,315.863007
12/28/14,317.239014
12/29/14,312.670013
12/30/14,310.737
12/31/14,320.192993
1/1/15,314.248993
1/2/15,315.032013
1/3/15,281.082001
1/4/15,264.195007
1/5/15,274.473999
1/6/15,286.188995
1/7/15,294.337006
1/8/15,283.348999
1/9/15,290.40799
1/10/15,274.79599
1/11/15,265.660004
1/12/15,267.79599
1/13/15,225.860992
1/14/15,178.102997
1/15/15,209.843994
1/16/15,208.097
1/17/15,199.259995
1/18/15,210.339005
1/19/15,214.860992
1/20/15,211.315002
1/21/15,226.897003
1/22/15,233.406006
1/23/15,232.878998
1/24/15,247.847
1/25/15,253.718002
1/26/15,273.472992
1/27/15,263.475006
1/28/15,233.914993
1/29/15,233.513
1/30/15,226.425003
1/31/15,217.464005
2/1/15,226.972
2/2/15,238.229004
2/3/15,227.268005
2/4/15,226.852997
2/5/15,217.110992
2/6/15,222.266006
2/7/15,227.753998
2/8/15,223.412003
2/9/15,220.110001
2/10/15,219.839005
2/11/15,219.184998
2/12/15,221.764008
2/13/15,235.427002
2/14/15,257.321014
2/15/15,234.824997
2/16/15,233.843002
2/17/15,243.610001
2/18/15,236.326004
2/19/15,240.283005
2/20/15,243.779007
2/21/15,244.533997
2/22/15,235.977005
2/23/15,238.891998
2/24/15,238.735001
2/25/15,237.470001
2/26/15,236.425995
2/27/15,253.828003
2/28/15,254.263
3/1/15,260.201996
3/2/15,275.670013
3/3/15,281.701996
3/4/15,273.09201
3/5/15,276.178009
3/6/15,272.722992
3/7/15,276.260986
3/8/15,274.354004
3/9/15,289.606995
3/10/15,291.76001
3/11/15,296.378998
3/12/15,294.354004
3/13/15,285.337006
3/14/15,281.88501
3/15/15,286.393005
3/16/15,290.592987
3/17/15,285.505005
3/18/15,256.299011
3/19/15,260.928009
3/20/15,261.748993
3/21/15,260.024994
3/22/15,267.959991
3/23/15,266.73999
3/24/15,245.595001
3/25/15,246.197006
3/26/15,248.531998
3/27/15,247.029007
3/28/15,252.798004
3/29/15,242.712997
3/30/15,247.526001
3/31/15,244.223999
4/1/15,247.272003
4/2/15,253.005005
4/3/15,254.322006
4/4/15,253.697006
4/5/15,260.597992
4/6/15,255.492004
4/7/15,253.179993
4/8/15,245.022003
4/9/15,243.675995
4/10/15,236.072006
4/11/15,236.552002
4/12/15,236.153
4/13/15,224.587006
4/14/15,219.158997
4/15/15,223.832993
4/16/15,228.572998
4/17/15,222.882004
4/18/15,223.356003
4/19/15,222.600006
4/20/15,224.626007
4/21/15,235.268997
4/22/15,234.175995
4/23/15,236.462006
4/24/15,231.268005
4/25/15,226.389999
4/26/15,219.429993
4/27/15,229.285995
4/28/15,225.854996
4/29/15,225.807999
4/30/15,236.145004
5/1/15,232.078995
5/2/15,234.929993
5/3/15,240.358002
5/4/15,239.018005
5/5/15,236.121002
5/6/15,229.781998
5/7/15,237.334
5/8/15,243.863007
5/9/15,241.832001
5/10/15,240.296005
5/11/15,242.158005
5/12/15,241.112
5/13/15,236.376999
5/14/15,236.929001
5/15/15,237.604996
5/16/15,236.153
5/17/15,236.802002
5/18/15,233.128006
5/19/15,231.947006
5/20/15,234.018005
5/21/15,235.343994
5/22/15,240.348007
5/23/15,238.871994
5/24/15,240.953003
5/25/15,237.110001
5/26/15,237.115997
5/27/15,237.283005
5/28/15,237.408005
5/29/15,237.095993
5/30/15,233.345001
5/31/15,230.190002
6/1/15,222.925995
6/2/15,225.802994
6/3/15,225.873993
6/4/15,224.324005
6/5/15,224.951996
6/6/15,225.619003
6/7/15,222.880997
6/8/15,228.488998
6/9/15,229.048004
6/10/15,228.802994
6/11/15,229.705002
6/12/15,229.981995
6/13/15,232.401993
6/14/15,233.542999
6/15/15,236.822998
6/16/15,250.895004
6/17/15,249.283997
6/18/15,249.007004
6/19/15,244.606003
6/20/15,245.212006
6/21/15,243.944
6/22/15,246.990005
6/23/15,244.296005
6/24/15,240.514999
6/25/15,242.798996
6/26/15,243.593994
6/27/15,250.990005
6/28/15,249.011002
6/29/15,257.063995
6/30/15,263.071991
7/1/15,258.621002
7/2/15,255.412003
7/3/15,256.335999
7/4/15,260.885986
7/5/15,271.912994
7/6/15,269.029999
7/7/15,266.207001
7/8/15,270.785004
7/9/15,269.227997
7/10/15,284.894012
7/11/15,293.11499
7/12/15,310.867004
7/13/15,292.053986
7/14/15,287.463989
7/15/15,285.82901
7/16/15,278.088989
7/17/15,279.471985
7/18/15,274.901001
7/19/15,273.614014
7/20/15,278.980988
7/21/15,275.833008
7/22/15,277.221985
7/23/15,276.049011
7/24/15,288.278015
7/25/15,288.696991
7/26/15,292.686005
7/27/15,293.623993
7/28/15,294.427002
7/29/15,289.589996
7/30/15,287.721985
7/31/15,284.649994
8/1/15,281.601013
8/2/15,282.614014
8/3/15,281.22699
8/4/15,285.217987
8/5/15,281.881989
8/6/15,278.576996
8/7/15,279.584991
8/8/15,260.997009
8/9/15,265.083008
8/10/15,264.470001
8/11/15,270.385986
8/12/15,266.376007
8/13/15,264.079987
8/14/15,265.679993
8/15/15,261.550995
8/16/15,258.506989
8/17/15,257.976013
8/18/15,211.078995
8/19/15,226.684006
8/20/15,235.350006
8/21/15,232.569
8/22/15,230.389999
8/23/15,228.169006
8/24/15,210.494995
8/25/15,221.608994
8/26/15,225.830994
8/27/15,224.768997
8/28/15,231.395996
8/29/15,229.779999
8/30/15,228.761002
8/31/15,230.056
9/1/15,228.121002
9/2/15,229.283997
9/3/15,227.182999
9/4/15,230.298004
9/5/15,235.018997
9/6/15,239.839996
9/7/15,239.847
9/8/15,243.606995
9/9/15,238.167999
9/10/15,238.477005
9/11/15,240.106995
9/12/15,235.229004
9/13/15,230.511993
9/14/15,230.643997
9/15/15,230.304001
9/16/15,229.091003
9/17/15,229.809998
9/18/15,232.975006
9/19/15,231.492996
9/20/15,231.212006
9/21/15,227.085007
9/22/15,230.617996
9/23/15,230.283005
9/24/15,234.529007
9/25/15,235.143997
9/26/15,234.339996
9/27/15,232.757004
9/28/15,239.141998
9/29/15,236.686996
9/30/15,236.059998
10/1/15,237.548996
10/2/15,237.292999
10/3/15,238.729996
10/4/15,238.259003
10/5/15,240.382996
10/6/15,246.063004
10/7/15,242.968994
10/8/15,242.304001
10/9/15,243.931
10/10/15,244.940994
10/11/15,247.050003
10/12/15,245.307999
10/13/15,249.507996
10/14/15,251.988998
10/15/15,254.320007
10/16/15,262.868988
10/17/15,270.640015
10/18/15,261.643005
10/19/15,263.437012
10/20/15,269.463013
10/21/15,266.272003
10/22/15,274.02301
10/23/15,276.496002
10/24/15,281.653992
10/25/15,283.679993
10/26/15,285.299988
10/27/15,293.787994
10/28/15,304.618011
10/29/15,313.855011
10/30/15,328.015015
10/31/15,314.165985
11/1/15,325.431
11/2/15,361.188995
11/3/15,403.416992
11/4/15,411.562988
11/5/15,386.354004
11/6/15,374.470001
11/7/15,386.481995
11/8/15,373.368011
11/9/15,380.256989
11/10/15,336.819
11/11/15,311.084015
11/12/15,338.152008
11/13/15,336.752991
11/14/15,332.906006
11/15/15,320.165985
11/16/15,330.751007
11/17/15,335.093994
11/18/15,334.589996
11/19/15,326.148987
11/20/15,322.022003
11/21/15,326.927002
11/22/15,324.536011
11/23/15,323.04599
11/24/15,320.04599
11/25/15,328.205994
11/26/15,352.68399
11/27/15,358.041992
11/28/15,357.381012
11/29/15,371.294006
11/30/15,377.321014
12/1/15,362.488007
12/2/15,359.187012
12/3/15,361.04599
12/4/15,363.183014
12/5/15,388.949005
12/6/15,388.78299
12/7/15,395.536011
12/8/15,415.562988
12/9/15,417.562988
12/10/15,415.479004
12/11/15,451.937988
12/12/15,434.997009
12/13/15,433.755005
12/14/15,444.182007
12/15/15,465.321014
12/16/15,454.93399
12/17/15,456.078003
12/18/15,463.615997
12/19/15,462.321991
12/20/15,442.684998
12/21/15,438.639008
12/22/15,436.571991
12/23/15,442.401001
12/24/15,454.984985
12/25/15,455.653015
12/26/15,417.273987
12/27/15,422.822998
12/28/15,422.278992
12/29/15,432.983002
12/30/15,426.619995
12/31/15,430.566986
1/1/16,434.334015
1/2/16,433.437988
1/3/16,430.010986
1/4/16,433.091003
1/5/16,431.959991
1/6/16,429.105011
1/7/16,458.048004
1/8/16,453.230011
1/9/16,447.610992
1/10/16,447.990997
1/11/16,448.428009
1/12/16,435.690002
1/13/16,432.371002
1/14/16,430.306
1/15/16,364.330994
1/16/16,387.536011
1/17/16,382.299011
1/18/16,387.167999
1/19/16,380.148987
1/20/16,420.230011
1/21/16,410.261993
1/22/16,382.492004
1/23/16,387.490997
1/24/16,402.971008
1/25/16,391.726013
1/26/16,392.153015
1/27/16,394.971985
1/28/16,380.289001
1/29/16,379.473999
1/30/16,378.255005
1/31/16,368.766998
2/1/16,373.056
2/2/16,374.447998
2/3/16,369.949005
2/4/16,389.593994
2/5/16,386.549011
2/6/16,376.522003
2/7/16,376.619995
2/8/16,373.446991
2/9/16,376.028992
2/10/16,381.648987
2/11/16,379.653992
2/12/16,384.263
2/13/16,391.859985
2/14/16,407.230011
2/15/16,400.184998
2/16/16,407.488007
2/17/16,416.321991
2/18/16,422.372986
2/19/16,420.785004
2/20/16,437.164001
2/21/16,438.798004
2/22/16,437.747986
2/23/16,420.735992
2/24/16,424.954987
2/25/16,424.544006
2/26/16,432.152008
2/27/16,432.519012
2/28/16,433.503998
2/29/16,437.696991
3/1/16,435.122986
3/2/16,423.989014
3/3/16,421.651001
3/4/16,410.938995
3/5/16,400.570007
3/6/16,407.707001
3/7/16,414.321014
3/8/16,413.971985
3/9/16,414.859985
3/10/16,417.131012
3/11/16,421.690002
3/12/16,411.623993
3/13/16,414.065002
3/14/16,416.437988
3/15/16,416.829987
3/16/16,417.010986
3/17/16,420.621002
3/18/16,409.548004
3/19/16,410.444
3/20/16,413.755005
3/21/16,413.307007
3/22/16,418.088989
3/23/16,418.040985
3/24/16,416.394012
3/25/16,417.177002
3/26/16,417.945007
3/27/16,426.765015
3/28/16,424.230988
3/29/16,416.515991
3/30/16,414.81601
3/31/16,416.729004
4/1/16,417.959991
4/2/16,420.872986
4/3/16,420.903992
4/4/16,421.444
4/5/16,424.029999
4/6/16,423.412994
4/7/16,422.744995
4/8/16,420.348999
4/9/16,419.411011
4/10/16,421.563995
4/11/16,422.483002
4/12/16,425.190002
4/13/16,423.734009
4/14/16,424.282013
4/15/16,429.713013
4/16/16,430.571991
4/17/16,427.398987
4/18/16,428.591003
4/19/16,435.509003
4/20/16,441.389008
4/21/16,449.424988
4/22/16,445.737
4/23/16,450.282013
4/24/16,458.554993
4/25/16,461.425995
4/26/16,466.088989
4/27/16,444.687012
4/28/16,449.010986
4/29/16,455.096985
4/30/16,448.317993
5/1/16,451.875
5/2/16,444.669006
5/3/16,450.303986
5/4/16,446.721985
5/5/16,447.976013
5/6/16,459.602997
5/7/16,458.536011
5/8/16,458.548004
5/9/16,460.483002
5/10/16,450.894989
5/11/16,452.727997
5/12/16,454.765991
5/13/16,455.670013
5/14/16,455.67099
5/15/16,457.567993
5/16/16,454.162994
5/17/16,453.78299
5/18/16,454.618988
5/19/16,438.714996
5/20/16,442.675995
5/21/16,443.187988
5/22/16,439.322998
5/23/16,444.154999
5/24/16,445.980988
5/25/16,449.598999
5/26/16,453.384003
5/27/16,473.463989
5/28/16,530.039978
5/29/16,526.232971
5/30/16,533.864014
5/31/16,531.385986
6/1/16,536.919983
6/2/16,537.971985
6/3/16,569.19397
6/4/16,572.72699
6/5/16,574.97699
6/6/16,585.536987
6/7/16,576.596985
6/8/16,581.64502
6/9/16,574.630005
6/10/16,577.469971
6/11/16,606.72699
6/12/16,672.783997
6/13/16,704.375977
6/14/16,685.559021
6/15/16,694.468994
6/16/16,766.307983
6/17/16,748.908997
6/18/16,756.22699
6/19/16,763.781006
6/20/16,737.226013
6/21/16,666.651978
6/22/16,596.116028
6/23/16,623.97699
6/24/16,665.299011
6/25/16,665.122986
6/26/16,629.367004
6/27/16,655.275024
6/28/16,647.000977
6/29/16,639.890015
6/30/16,673.336975
7/1/16,676.296021
7/2/16,703.702026
7/3/16,658.664001
7/4/16,683.661987
7/5/16,670.627014
7/6/16,677.330994
7/7/16,640.562012
7/8/16,666.52301
7/9/16,650.960022
7/10/16,649.359985
7/11/16,647.658997
7/12/16,664.551025
7/13/16,654.468018
7/14/16,658.078003
7/15/16,663.255005
7/16/16,660.767029
7/17/16,679.458984
7/18/16,673.106018
7/19/16,672.864014
7/20/16,665.684998
7/21/16,665.012024
7/22/16,650.619019
7/23/16,655.55603
7/24/16,661.284973
7/25/16,654.096985
7/26/16,651.783997
7/27/16,654.35199
7/28/16,655.034973
7/29/16,656.992004
7/30/16,655.046997
7/31/16,624.68103
8/1/16,606.271973
8/2/16,547.465027
8/3/16,566.35498
8/4/16,578.289001
8/5/16,575.04303
8/6/16,587.778015
8/7/16,592.690002
8/8/16,591.054016
8/9/16,587.801025
8/10/16,592.103027
8/11/16,589.119995
8/12/16,587.559021
8/13/16,585.588013
8/14/16,570.473022
8/15/16,567.23999
8/16/16,577.439026
8/17/16,573.216003
8/18/16,574.317993
8/19/16,575.630005
8/20/16,581.697021
8/21/16,581.307983
8/22/16,586.752991
8/23/16,583.414978
8/24/16,580.182007
8/25/16,577.760986
8/26/16,579.651001
8/27/16,569.947021
8/28/16,573.911987
8/29/16,574.106995
8/30/16,577.502991
8/31/16,575.471985
9/1/16,572.302979
9/2/16,575.536987
9/3/16,598.211975
9/4/16,608.633972
9/5/16,606.590027
9/6/16,610.435974
9/7/16,614.544006
9/8/16,626.315979
9/9/16,622.861023
9/10/16,623.508972
9/11/16,606.718994
9/12/16,608.242981
9/13/16,609.241028
9/14/16,610.684021
9/15/16,607.155029
9/16/16,606.973022
9/17/16,605.984009
9/18/16,609.874023
9/19/16,609.22699
9/20/16,608.312012
9/21/16,597.148987
9/22/16,596.297974
9/23/16,602.84198
9/24/16,602.625
9/25/16,600.825989
9/26/16,608.04303
9/27/16,606.166016
9/28/16,604.728027
9/29/16,605.692993
9/30/16,609.734985
10/1/16,613.982971
10/2/16,610.892029
10/3/16,612.132996
10/4/16,610.203979
10/5/16,612.510986
10/6/16,613.020996
10/7/16,617.120972
10/8/16,619.107971
10/9/16,616.752014
10/10/16,618.994019
10/11/16,641.072021
10/12/16,636.192017
10/13/16,636.786011
10/14/16,640.377991
10/15/16,638.645996
10/16/16,641.630981
10/17/16,639.192993
10/18/16,637.960022
10/19/16,630.52002
10/20/16,630.856995
10/21/16,632.828003
10/22/16,657.294006
10/23/16,657.070984
10/24/16,653.760986
10/25/16,657.588013
10/26/16,678.304016
10/27/16,688.312988
10/28/16,689.651001
10/29/16,714.479004
10/30/16,701.864014
10/31/16,700.971985
11/1/16,729.79303
11/2/16,740.828979
11/3/16,688.700012
11/4/16,703.234985
11/5/16,703.41803
11/6/16,711.521973
11/7/16,703.130981
11/8/16,709.848022
11/9/16,723.27301
11/10/16,715.533997
11/11/16,716.411011
11/12/16,705.054016
11/13/16,702.031006
11/14/16,705.020996
11/15/16,711.619019
11/16/16,744.197998
11/17/16,740.97699
11/18/16,751.585022
11/19/16,751.616028
11/20/16,731.026001
11/21/16,739.247986
11/22/16,751.346985
11/23/16,744.593994
11/24/16,740.289001
11/25/16,741.648987
11/26/16,735.382019
11/27/16,732.034973
11/28/16,735.812988
11/29/16,735.604004
11/30/16,745.690979
12/1/16,756.773987
12/2/16,777.94397
12/3/16,771.155029
12/4/16,773.872009
12/5/16,758.700012
12/6/16,764.223999
12/7/16,768.132019
12/8/16,770.809998
12/9/16,772.794006
12/10/16,774.650024
12/11/16,769.731018
12/12/16,780.086975
12/13/16,780.55603
12/14/16,781.481018
12/15/16,778.088013
12/16/16,784.906982
12/17/16,790.828979
12/18/16,790.530029
12/19/16,792.713989
12/20/16,800.875977
12/21/16,834.281006
12/22/16,864.539978
12/23/16,921.984009
12/24/16,898.822021
12/25/16,896.182983
12/26/16,907.609985
12/27/16,933.197998
12/28/16,975.921021
12/29/16,973.497009
12/30/16,961.237976
12/31/16,963.742981
1/1/17,998.325012
1/2/17,1021.75
1/3/17,1043.839966
1/4/17,1154.72998
1/5/17,1013.380005
1/6/17,902.200989
1/7/17,908.585022
1/8/17,911.198975
1/9/17,902.828003
1/10/17,907.679016
1/11/17,777.757019
1/12/17,804.833984
1/13/17,823.984009
1/14/17,818.411987
1/15/17,821.797974
1/16/17,831.533997
1/17/17,907.937988
1/18/17,886.617981
1/19/17,899.072998
1/20/17,895.026001
1/21/17,921.789001
1/22/17,924.672974
1/23/17,921.012024
1/24/17,892.687012
1/25/17,901.541992
1/26/17,917.585999
1/27/17,919.75
1/28/17,921.590027
1/29/17,919.495972
1/30/17,920.382019
1/31/17,970.403015
2/1/17,989.02301
2/2/17,1011.799988
2/3/17,1029.910034
2/4/17,1042.900024
2/5/17,1027.339966
2/6/17,1038.150024
2/7/17,1061.349976
2/8/17,1063.069946
2/9/17,994.382996
2/10/17,988.674011
2/11/17,1004.450012
2/12/17,999.18103
2/13/17,990.642029
2/14/17,1004.549988
2/15/17,1007.47998
2/16/17,1027.439941
2/17/17,1046.209961
2/18/17,1054.420044
2/19/17,1047.869995
2/20/17,1079.97998
2/21/17,1115.300049
2/22/17,1117.439941
2/23/17,1166.719971
2/24/17,1173.680054
2/25/17,1143.839966
2/26/17,1165.199951
2/27/17,1179.969971
2/28/17,1179.969971
3/1/17,1222.5
3/2/17,1251.01001
3/3/17,1274.98999
3/4/17,1255.150024
3/5/17,1267.119995
3/6/17,1272.829956
3/7/17,1223.540039
3/8/17,1150
3/9/17,1188.48999
3/10/17,1116.719971
3/11/17,1175.829956
3/12/17,1221.380005
3/13/17,1231.920044
3/14/17,1240
3/15/17,1249.609985
3/16/17,1187.810059
3/17/17,1100.22998
3/18/17,973.817993
3/19/17,1036.73999
3/20/17,1054.22998
3/21/17,1120.540039
3/22/17,1049.140015
3/23/17,1038.589966
3/24/17,937.52002
3/25/17,972.778992
3/26/17,966.724976
3/27/17,1045.77002
3/28/17,1047.150024
3/29/17,1039.969971
3/30/17,1026.430054
3/31/17,1071.790039
4/1/17,1080.5
4/2/17,1102.170044
4/3/17,1143.810059
4/4/17,1133.25
4/5/17,1124.780029
4/6/17,1182.680054
4/7/17,1176.900024
4/8/17,1175.949951
4/9/17,1187.869995
4/10/17,1187.130005
4/11/17,1205.01001
4/12/17,1200.369995
4/13/17,1169.280029
4/14/17,1167.540039
4/15/17,1172.52002
4/16/17,1182.939941
4/17/17,1193.910034
4/18/17,1211.670044
4/19/17,1210.290039
4/20/17,1229.079956
4/21/17,1222.050049
4/22/17,1231.709961
4/23/17,1207.209961
4/24/17,1250.150024
4/25/17,1265.48999
4/26/17,1281.079956
4/27/17,1317.72998
4/28/17,1316.47998
4/29/17,1321.790039
4/30/17,1347.890015
5/1/17,1421.599976
5/2/17,1452.819946
5/3/17,1490.089966
5/4/17,1537.670044
5/5/17,1555.449951
5/6/17,1578.800049
5/7/17,1596.709961
5/8/17,1723.349976
5/9/17,1755.359985
5/10/17,1787.130005
5/11/17,1848.569946
5/12/17,1724.23999
5/13/17,1804.910034
5/14/17,1808.910034
5/15/17,1738.430054
5/16/17,1734.449951
5/17/17,1839.089966
5/18/17,1888.650024
5/19/17,1987.709961
5/20/17,2084.72998
5/21/17,2041.199951
5/22/17,2173.399902
5/23/17,2320.419922
5/24/17,2443.639893
5/25/17,2304.97998
5/26/17,2202.419922
5/27/17,2038.869995
5/28/17,2155.800049
5/29/17,2255.610107
5/30/17,2175.469971
5/31/17,2286.409912
6/1/17,2407.879883
6/2/17,2488.550049
6/3/17,2515.350098
6/4/17,2511.810059
6/5/17,2686.810059
6/6/17,2863.199951
6/7/17,2732.159912
6/8/17,2805.620117
6/9/17,2823.810059
6/10/17,2947.709961
6/11/17,2958.110107
6/12/17,2659.629883
6/13/17,2717.02002
6/14/17,2506.370117
6/15/17,2464.580078
6/16/17,2518.560059
6/17/17,2655.879883
6/18/17,2548.290039
6/19/17,2589.600098
6/20/17,2721.790039
6/21/17,2689.100098
6/22/17,2705.409912
6/23/17,2744.909912
6/24/17,2608.719971
6/25/17,2589.409912
6/26/17,2478.449951
6/27/17,2552.449951
6/28/17,2574.790039
6/29/17,2539.320068
6/30/17,2480.840088
7/1/17,2434.550049
7/2/17,2506.469971
7/3/17,2564.060059
7/4/17,2601.639893
7/5/17,2601.98999
7/6/17,2608.560059
7/7/17,2518.659912
7/8/17,2571.340088
7/9/17,2518.439941
7/10/17,2372.560059
7/11/17,2337.790039
7/12/17,2398.840088
7/13/17,2357.899902
7/14/17,2233.340088
7/15/17,1998.859985
7/16/17,1929.819946
7/17/17,2228.409912
7/18/17,2318.879883
7/19/17,2273.429932
7/20/17,2817.600098
7/21/17,2667.76001
7/22/17,2810.120117
7/23/17,2730.399902
7/24/17,2754.860107
7/25/17,2576.47998
7/26/17,2529.449951
7/27/17,2671.780029
7/28/17,2809.01001
7/29/17,2726.449951
7/30/17,2757.179932
7/31/17,2875.340088
8/1/17,2718.26001
8/2/17,2710.669922
8/3/17,2804.72998
8/4/17,2895.889893
8/5/17,3252.909912
8/6/17,3213.939941
8/7/17,3378.939941
8/8/17,3419.939941
8/9/17,3342.469971
8/10/17,3381.280029
8/11/17,3650.620117
8/12/17,3884.709961
8/13/17,4073.26001
8/14/17,4325.129883
8/15/17,4181.930176
8/16/17,4376.629883
8/17/17,4331.689941
8/18/17,4160.620117
8/19/17,4193.700195
8/20/17,4087.659912
8/21/17,4001.73999
8/22/17,4100.52002
8/23/17,4151.52002
8/24/17,4334.680176
8/25/17,4371.600098
8/26/17,4352.399902
8/27/17,4382.879883
8/28/17,4382.660156
8/29/17,4579.02002
8/30/17,4565.299805
8/31/17,4703.390137
9/1/17,4892.009766
9/2/17,4578.77002
9/3/17,4582.959961
9/4/17,4236.310059
9/5/17,4376.529785
9/6/17,4597.120117
9/7/17,4599.879883
9/8/17,4228.75
9/9/17,4226.060059
9/10/17,4122.939941
9/11/17,4161.27002
9/12/17,4130.810059
9/13/17,3882.590088
9/14/17,3154.949951
9/15/17,3637.52002
9/16/17,3625.040039
9/17/17,3582.879883
9/18/17,4065.199951
9/19/17,3924.969971
9/20/17,3905.949951
9/21/17,3631.040039
9/22/17,3630.699951
9/23/17,3792.399902
9/24/17,3682.840088
9/25/17,3926.070068
9/26/17,3892.350098
9/27/17,4200.669922
9/28/17,4174.72998
9/29/17,4163.069824
9/30/17,4338.709961
10/1/17,4403.740234
10/2/17,4409.319824
10/3/17,4317.47998
10/4/17,4229.359863
10/5/17,4328.410156
10/6/17,4370.810059
10/7/17,4426.890137
10/8/17,4610.47998
10/9/17,4772.02002
10/10/17,4781.990234
10/11/17,4826.47998
10/12/17,5446.910156
10/13/17,5647.209961
10/14/17,5831.790039
10/15/17,5678.189941
10/16/17,5725.589844
10/17/17,5605.509766
10/18/17,5590.689941
10/19/17,5708.52002
10/20/17,6011.450195
10/21/17,6031.600098
10/22/17,6008.419922
10/23/17,5930.319824
10/24/17,5526.640137
10/25/17,5750.799805
10/26/17,5904.830078
10/27/17,5780.899902
10/28/17,5753.089844
10/29/17,6153.850098
10/30/17,6130.529785
10/31/17,6468.399902
11/1/17,6767.310059
11/2/17,7078.5
11/3/17,7207.759766
11/4/17,7379.950195
11/5/17,7407.410156
11/6/17,7022.759766
11/7/17,7144.379883
11/8/17,7459.689941
11/9/17,7143.580078
11/10/17,6618.140137
11/11/17,6357.600098
11/12/17,5950.069824
11/13/17,6559.490234
11/14/17,6635.75
11/15/17,7315.540039
11/16/17,7871.689941
11/17/17,7708.990234
11/18/17,7790.149902
11/19/17,8036.490234
11/20/17,8200.639648
11/21/17,8071.259766
11/22/17,8253.549805
11/23/17,8038.77002
11/24/17,8253.69043
11/25/17,8790.919922
11/26/17,9330.549805
11/27/17,9818.349609
11/28/17,10058.79981
11/29/17,9888.610352
11/30/17,10233.59961
12/1/17,10975.59961
12/2/17,11074.59961
12/3/17,11323.2002
12/4/17,11657.2002
12/5/17,11916.7002
12/6/17,14291.5
12/7/17,17899.69922
12/8/17,16569.40039
12/9/17,15178.2002
12/10/17,15455.40039
12/11/17,16936.80078
12/12/17,17415.40039
12/13/17,16408.19922
12/14/17,16564
12/15/17,17706.90039
12/16/17,19497.40039
12/17/17,19140.80078
12/18/17,19114.19922
12/19/17,17776.69922
12/20/17,16624.59961
12/21/17,15802.90039
12/22/17,13831.79981
12/23/17,14699.2002
12/24/17,13925.79981
12/25/17,14026.59961
12/26/17,16099.79981
12/27/17,15838.5
12/28/17,14606.5
12/29/17,14656.2002
12/30/17,12952.2002
12/31/17,14156.40039
1/1/18,13657.2002
1/2/18,14982.09961
1/3/18,15201
1/4/18,15599.2002
1/5/18,17429.5
1/6/18,17527
1/7/18,16477.59961
1/8/18,15170.09961
1/9/18,14595.40039
1/10/18,14973.29981
1/11/18,13405.79981
1/12/18,13980.59961
1/13/18,14360.2002
1/14/18,13772
1/15/18,13819.79981
1/16/18,11490.5
1/17/18,11188.59961
1/18/18,11474.90039
1/19/18,11607.40039
1/20/18,12899.2002
1/21/18,11600.09961
1/22/18,10931.40039
1/23/18,10868.40039
1/24/18,11359.40039
1/25/18,11259.40039
1/26/18,11171.40039
1/27/18,11440.7002
1/28/18,11786.29981
1/29/18,11296.40039
1/30/18,10106.29981
1/31/18,10221.09961
2/1/18,9170.540039
2/2/18,8830.75
2/3/18,9174.910156
2/4/18,8277.009766
2/5/18,6955.27002
2/6/18,7754
2/7/18,7621.299805
2/8/18,8265.589844
2/9/18,8736.980469
2/10/18,8621.900391
2/11/18,8129.970215
2/12/18,8926.570313
2/13/18,8598.30957
2/14/18,9494.629883
2/15/18,10166.40039
2/16/18,10233.90039
2/17/18,11112.7002
2/18/18,10551.79981
2/19/18,11225.29981
2/20/18,11403.7002
2/21/18,10690.40039
2/22/18,10005
2/23/18,10301.09961
2/24/18,9813.070313
2/25/18,9664.730469
2/26/18,10366.7002
2/27/18,10725.59961
2/28/18,10397.90039
3/1/18,10951
3/2/18,11086.40039
3/3/18,11489.7002
3/4/18,11512.59961
3/5/18,11573.29981
3/6/18,10779.90039
3/7/18,9965.570313
3/8/18,9395.009766
3/9/18,9337.549805
3/10/18,8866
3/11/18,9578.629883
3/12/18,9205.120117
3/13/18,9194.849609
3/14/18,8269.80957
3/15/18,8300.860352
3/16/18,8338.349609
3/17/18,7916.879883
3/18/18,8223.679688
3/19/18,8630.650391
3/20/18,8913.469727
3/21/18,8929.280273
3/22/18,8728.469727
3/23/18,8879.620117
3/24/18,8668.120117
3/25/18,8495.780273
3/26/18,8209.400391
3/27/18,7833.040039
3/28/18,7954.47998
3/29/18,7165.700195
3/30/18,6890.52002
3/31/18,6973.529785
4/1/18,6844.22998
4/2/18,7083.799805
4/3/18,7456.109863
4/4/18,6853.839844
4/5/18,6811.470215
4/6/18,6636.319824
4/7/18,6911.089844
4/8/18,7023.52002
4/9/18,6770.72998
4/10/18,6834.759766
4/11/18,6968.319824
4/12/18,7889.25
4/13/18,7895.959961
4/14/18,7986.240234
4/15/18,8329.110352
4/16/18,8058.669922
4/17/18,7902.089844
4/18/18,8163.419922
4/19/18,8294.30957
4/20/18,8845.830078
4/21/18,8895.580078
4/22/18,8802.459961
4/23/18,8930.879883
4/24/18,9697.5
4/25/18,8845.740234
4/26/18,9281.509766
4/27/18,8987.049805
4/28/18,9348.480469
4/29/18,9419.080078
4/30/18,9240.549805
5/1/18,9119.009766
5/2/18,9235.919922
5/3/18,9743.860352
5/4/18,9700.759766
5/5/18,9858.150391
5/6/18,9654.799805
5/7/18,9373.009766
5/8/18,9234.820313
5/9/18,9325.179688
5/10/18,9043.94043
5/11/18,8441.490234
5/12/18,8504.889648
5/13/18,8723.94043
5/14/18,8716.790039
5/15/18,8510.379883
5/16/18,8368.830078
5/17/18,8094.319824
5/18/18,8250.969727
5/19/18,8247.179688
5/20/18,8513.25
5/21/18,8418.990234
5/22/18,8041.779785
5/23/18,7557.819824
5/24/18,7587.339844
5/25/18,7480.140137
5/26/18,7355.879883
5/27/18,7368.220215
5/28/18,7135.990234
5/29/18,7472.589844
5/30/18,7406.52002
5/31/18,7494.169922
6/1/18,7541.450195
6/2/18,7643.450195
6/3/18,7720.25
6/4/18,7514.470215
6/5/18,7633.759766
6/6/18,7653.97998
6/7/18,7678.240234
6/8/18,7624.919922
6/9/18,7531.97998
6/10/18,6786.02002
6/11/18,6906.919922
6/12/18,6582.359863
6/13/18,6349.899902
6/14/18,6675.350098
6/15/18,6456.580078
6/16/18,6550.160156
6/17/18,6499.27002
6/18/18,6734.819824
6/19/18,6769.939941
6/20/18,6776.549805
6/21/18,6729.740234
6/22/18,6083.689941
6/23/18,6162.47998
6/24/18,6173.22998
6/25/18,6249.180176
6/26/18,6093.669922
6/27/18,6157.129883
6/28/18,5903.439941
6/29/18,6218.299805
6/30/18,6404
7/1/18,6385.819824
7/2/18,6614.180176
7/3/18,6529.589844
7/4/18,6597.549805
7/5/18,6639.140137
7/6/18,6673.5
7/7/18,6856.930176
7/8/18,6773.879883
7/9/18,6741.75
7/10/18,6329.950195
7/11/18,6394.709961
7/12/18,6228.810059
7/13/18,6238.049805
7/14/18,6276.120117
7/15/18,6359.640137
7/16/18,6741.75
7/17/18,7321.040039
7/18/18,7370.779785
7/19/18,7466.859863
7/20/18,7354.129883
7/21/18,7419.290039
7/22/18,7418.490234
7/23/18,7711.109863
7/24/18,8424.269531
7/25/18,8181.390137
7/26/18,7951.580078
7/27/18,8165.009766
7/28/18,8192.150391
7/29/18,8218.459961
7/30/18,8180.47998
7/31/18,7780.439941
8/1/18,7624.910156
8/2/18,7567.149902
8/3/18,7434.390137
8/4/18,7032.850098
8/5/18,7068.47998
8/6/18,6951.799805
8/7/18,6753.120117
8/8/18,6305.799805
8/9/18,6568.22998
8/10/18,6184.709961
8/11/18,6295.72998
8/12/18,6322.689941
8/13/18,6297.569824
8/14/18,6199.709961
8/15/18,6308.52002
8/16/18,6334.72998
8/17/18,6580.629883
8/18/18,6423.759766
8/19/18,6506.069824
8/20/18,6308.529785
8/21/18,6488.759766
8/22/18,6376.709961
8/23/18,6534.879883
8/24/18,6719.959961
8/25/18,6763.189941
8/26/18,6707.259766
8/27/18,6884.640137
8/28/18,7096.279785
8/29/18,7047.160156
8/30/18,6978.22998
8/31/18,7037.580078
9/1/18,7193.25
9/2/18,7272.720215
9/3/18,7260.060059
9/4/18,7361.660156
9/5/18,6792.830078
9/6/18,6529.169922
9/7/18,6467.069824
9/8/18,6225.97998
9/9/18,6300.859863
9/10/18,6329.700195
9/11/18,6321.200195
9/12/18,6351.799805
9/13/18,6517.310059
9/14/18,6512.709961
9/15/18,6543.200195
9/16/18,6517.180176
9/17/18,6281.200195
9/18/18,6371.299805
9/19/18,6398.540039
9/20/18,6519.669922
9/21/18,6734.950195
9/22/18,6721.97998
9/23/18,6710.629883
9/24/18,6595.410156
9/25/18,6446.470215
9/26/18,6495
9/27/18,6676.75
9/28/18,6644.129883
9/29/18,6601.959961
9/30/18,6625.560059
10/1/18,6589.620117
10/2/18,6556.100098
10/3/18,6502.589844
10/4/18,6576.689941
10/5/18,6622.47998
10/6/18,6588.310059
10/7/18,6602.950195
10/8/18,6652.22998
10/9/18,6642.640137
10/10/18,6585.529785
10/11/18,6256.240234
10/12/18,6274.580078
10/13/18,6285.990234
10/14/18,6290.930176
10/15/18,6596.540039
10/16/18,6596.109863
10/17/18,6544.430176
10/18/18,6476.709961
10/19/18,6465.410156
10/20/18,6489.189941
10/21/18,6482.350098
10/22/18,6487.160156
10/23/18,6475.740234
10/24/18,6495.839844
10/25/18,6476.290039
10/26/18,6474.75
10/27/18,6480.379883
10/28/18,6486.390137
10/29/18,6332.629883
10/30/18,6334.27002
10/31/18,6317.609863
11/1/18,6377.779785
11/2/18,6388.439941
11/3/18,6361.259766
11/4/18,6376.129883
11/5/18,6419.660156
11/6/18,6461.009766
11/7/18,6530.140137
11/8/18,6453.720215
11/9/18,6385.620117
11/10/18,6409.220215
11/11/18,6411.27002
11/12/18,6371.27002
11/13/18,6359.490234
11/14/18,5738.350098
11/15/18,5648.029785
11/16/18,5575.549805
11/17/18,5554.330078
11/18/18,5623.540039
11/19/18,4871.490234
11/20/18,4451.870117
11/21/18,4602.169922
11/22/18,4365.939941
11/23/18,4347.109863
11/24/18,3880.76001
11/25/18,4009.969971
11/26/18,3779.129883
11/27/18,3820.719971
11/28/18,4257.419922
11/29/18,4278.84668
11/30/18,4017.268555
12/1/18,4214.671875
12/2/18,4139.87793
12/3/18,3894.130859
12/4/18,3956.893799
12/5/18,3753.994873
12/6/18,3521.101807
12/7/18,3419.937256
12/8/18,3476.114746
12/9/18,3614.234375
12/10/18,3502.656006
12/11/18,3424.588135
12/12/18,3486.950195
12/13/18,3313.677246
12/14/18,3242.484863
12/15/18,3236.761719
12/16/18,3252.839111
12/17/18,3545.864746
12/18/18,3696.059082
12/19/18,3745.950684
12/20/18,4134.441406
12/21/18,3896.543701
12/22/18,4014.182617
12/23/18,3998.980225
12/24/18,4078.599121
12/25/18,3815.490723
12/26/18,3857.297607
12/27/18,3654.833496
12/28/18,3923.918701
12/29/18,3820.408691
12/30/18,3865.952637
12/31/18,3742.700439
1/1/19,3843.52002
1/2/19,3943.409424
1/3/19,3836.741211
1/4/19,3857.717529
1/5/19,3845.19458
1/6/19,4076.632568
1/7/19,4025.248291
1/8/19,4030.8479
1/9/19,4035.296387
1/10/19,3678.924561
1/11/19,3687.365479
1/12/19,3661.301025
1/13/19,3552.953125
1/14/19,3706.052246
1/15/19,3630.675293
1/16/19,3655.006836
1/17/19,3678.563965
1/18/19,3657.839355
1/19/19,3728.568359
1/20/19,3601.013672
1/21/19,3576.032471
1/22/19,3604.577148
1/23/19,3585.123047
1/24/19,3600.865479
1/25/19,3599.765869
1/26/19,3602.460449
1/27/19,3583.96582
1/28/19,3470.450439
1/29/19,3448.116943
1/30/19,3486.181641
1/31/19,3457.792725
2/1/19,3487.945313
2/2/19,3521.060791
2/3/19,3464.013428
2/4/19,3459.154053
2/5/19,3466.357422
2/6/19,3413.767822
2/7/19,3399.47168
2/8/19,3666.780273
2/9/19,3671.203613
2/10/19,3690.188232
2/11/19,3648.430664
2/12/19,3653.528564
2/13/19,3632.070557
2/14/19,3616.880859
2/15/19,3620.810791
2/16/19,3629.787598
2/17/19,3673.836182
2/18/19,3915.714355
2/19/19,3947.094482
2/20/19,3999.820557
2/21/19,3954.118164
2/22/19,4005.526611
2/23/19,4142.526855
2/24/19,3810.42749
2/25/19,3882.696289
2/26/19,3854.35791
2/27/19,3851.047363
2/28/19,3854.7854
3/1/19,3859.58374
3/2/19,3864.415039
3/3/19,3847.175781
3/4/19,3761.557129
3/5/19,3896.375
3/6/19,3903.942627
3/7/19,3911.484375
3/8/19,3901.131592
3/9/19,3963.313721
3/10/19,3951.599854
3/11/19,3905.227295
3/12/19,3909.15625
3/13/19,3906.717285
3/14/19,3924.369141
3/15/19,3960.911133
3/16/19,4048.72583
3/17/19,4025.229004
3/18/19,4032.507324
3/19/19,4071.190186
3/20/19,4087.476318
3/21/19,4029.326904
3/22/19,4023.968262
3/23/19,4035.826416
3/24/19,4022.168213
3/25/19,3963.070557
3/26/19,3985.080811
3/27/19,4087.066162
3/28/19,4069.107178
3/29/19,4098.374512
3/30/19,4106.660156
3/31/19,4105.404297
4/1/19,4158.183105
4/2/19,4879.87793
4/3/19,4973.021973
4/4/19,4922.798828
4/5/19,5036.681152
4/6/19,5059.817383
4/7/19,5198.896973
4/8/19,5289.770996
4/9/19,5204.958496
4/10/19,5324.551758
4/11/19,5064.487793
4/12/19,5089.539063
4/13/19,5096.586426
4/14/19,5167.722168
4/15/19,5067.108398
4/16/19,5235.55957
4/17/19,5251.937988
4/18/19,5298.385742
4/19/19,5303.8125
4/20/19,5337.88623
4/21/19,5314.53125
4/22/19,5399.365234
4/23/19,5572.362305
4/24/19,5464.866699
4/25/19,5210.515625
4/26/19,5279.348145
4/27/19,5268.291016
4/28/19,5285.13916
4/29/19,5247.352539
4/30/19,5350.726563
5/1/19,5402.697266
5/2/19,5505.283691
5/3/19,5768.289551
5/4/19,5831.16748
5/5/19,5795.708496
5/6/19,5746.807129
5/7/19,5829.501465
5/8/19,5982.45752
5/9/19,6174.528809
5/10/19,6378.849121
5/11/19,7204.771484
5/12/19,6972.371582
5/13/19,7814.915039
5/14/19,7994.416016
5/15/19,8205.167969
5/16/19,7884.90918
5/17/19,7343.895508
5/18/19,7271.208008
5/19/19,8197.689453
5/20/19,7978.309082
5/21/19,7963.327637
5/22/19,7680.066406
5/23/19,7881.84668
5/24/19,7987.371582
5/25/19,8052.543945
5/26/19,8673.21582
5/27/19,8805.77832
5/28/19,8719.961914
5/29/19,8659.487305
5/30/19,8319.472656
5/31/19,8574.501953
6/1/19,8564.016602
6/2/19,8742.958008
6/3/19,8208.995117
6/4/19,7707.770996
6/5/19,7824.231445
6/6/19,7822.023438
6/7/19,8043.951172
6/8/19,7954.12793
6/9/19,7688.077148
6/10/19,8000.32959
6/11/19,7927.714355
6/12/19,8145.857422
6/13/19,8230.923828
6/14/19,8693.833008
6/15/19,8838.375
6/16/19,8994.488281
6/17/19,9320.352539
6/18/19,9081.762695
6/19/19,9273.521484
6/20/19,9527.160156
6/21/19,10144.55664
6/22/19,10701.69141
6/23/19,10855.37109
6/24/19,11011.10254
6/25/19,11790.91699
6/26/19,13016.23145
6/27/19,11182.80664
6/28/19,12407.33203
6/29/19,11959.37109
6/30/19,10817.15527
7/1/19,10583.13477
7/2/19,10801.67773
7/3/19,11961.26953
7/4/19,11215.4375
7/5/19,10978.45996
7/6/19,11208.55078
7/7/19,11450.84668
7/8/19,12285.95801
7/9/19,12573.8125
7/10/19,12156.5127
7/11/19,11358.66211
7/12/19,11815.98633
7/13/19,11392.37891
7/14/19,10256.05859
7/15/19,10895.08984
7/16/19,9477.641602
7/17/19,9693.802734
7/18/19,10666.48242
7/19/19,10530.73242
7/20/19,10767.13965
7/21/19,10599.10547
7/22/19,10343.10645
7/23/19,9900.767578
7/24/19,9811.925781
7/25/19,9911.841797
7/26/19,9870.303711
7/27/19,9477.677734
7/28/19,9552.860352
7/29/19,9519.145508
7/30/19,9607.423828
7/31/19,10085.62793
8/1/19,10399.66895
8/2/19,10518.17481
8/3/19,10821.72656
8/4/19,10970.18457
8/5/19,11805.65332
8/6/19,11478.16895
8/7/19,11941.96875
8/8/19,11966.40723
8/9/19,11862.93652
8/10/19,11354.02441
8/11/19,11523.5791
8/12/19,11382.61621
8/13/19,10895.83008
8/14/19,10051.7041
8/15/19,10311.5459
8/16/19,10374.33887
8/17/19,10231.74414
8/18/19,10345.81055
8/19/19,10916.05371
8/20/19,10763.23242
8/21/19,10138.04981
8/22/19,10131.05566
8/23/19,10407.96484
8/24/19,10159.96094
8/25/19,10138.51758
8/26/19,10370.82031
8/27/19,10185.5
8/28/19,9754.422852
8/29/19,9510.200195
8/30/19,9598.173828
8/31/19,9630.664063
9/1/19,9757.970703
9/2/19,10346.76074
9/3/19,10623.54004
9/4/19,10594.49316
9/5/19,10575.5332
9/6/19,10353.30273
9/7/19,10517.25488
9/8/19,10441.27637
9/9/19,10334.97461
9/10/19,10115.97559
9/11/19,10178.37207
9/12/19,10410.12695
9/13/19,10360.54688
9/14/19,10358.04883
9/15/19,10347.71289
9/16/19,10276.79395
9/17/19,10241.27246
9/18/19,10198.24805
9/19/19,10266.41504
9/20/19,10181.6416
9/21/19,10019.7168
9/22/19,10070.39258
9/23/19,9729.324219
9/24/19,8620.566406
9/25/19,8486.993164
9/26/19,8118.967773
9/27/19,8251.845703
9/28/19,8245.915039
9/29/19,8104.185547
9/30/19,8293.868164
10/1/19,8343.276367
10/2/19,8393.041992
10/3/19,8259.992188
10/4/19,8205.939453
10/5/19,8151.500488
10/6/19,7988.155762
10/7/19,8245.623047
10/8/19,8228.783203
10/9/19,8595.740234
10/10/19,8586.473633
10/11/19,8321.756836
10/12/19,8336.555664
10/13/19,8321.005859
10/14/19,8374.686523
10/15/19,8205.369141
10/16/19,8047.526855
10/17/19,8103.911133
10/18/19,7973.20752
10/19/19,7988.560547
10/20/19,8222.078125
10/21/19,8243.720703
10/22/19,8078.203125
10/23/19,7514.671875
10/24/19,7493.48877
10/25/19,8660.700195
10/26/19,9244.972656
10/27/19,9551.714844
10/28/19,9256.148438
10/29/19,9427.6875
10/30/19,9205.726563
10/31/19,9199.584961
11/1/19,9261.104492
11/2/19,9324.717773
11/3/19,9235.354492
11/4/19,9412.612305
11/5/19,9342.527344
11/6/19,9360.879883
11/7/19,9267.561523
11/8/19,8804.880859
11/9/19,8813.582031
11/10/19,9055.526367
11/11/19,8757.788086
11/12/19,8815.662109
11/13/19,8808.262695
11/14/19,8708.094727
11/15/19,8491.992188
11/16/19,8550.760742
11/17/19,8577.975586
11/18/19,8309.286133
11/19/19,8206.145508
11/20/19,8027.268066
11/21/19,7642.75
11/22/19,7296.577637
11/23/19,7397.796875
11/24/19,7047.916992
11/25/19,7146.133789
11/26/19,7218.371094
11/27/19,7531.663574
11/28/19,7463.105957
11/29/19,7761.243652
11/30/19,7569.629883
12/1/19,7424.29248
12/2/19,7321.988281
12/3/19,7320.145508
12/4/19,7252.034668
12/5/19,7448.307617
12/6/19,7546.996582
12/7/19,7556.237793
12/8/19,7564.345215
12/9/19,7400.899414
12/10/19,7278.119629
12/11/19,7217.427246
12/12/19,7243.134277
12/13/19,7269.68457
12/14/19,7124.673828
12/15/19,7152.301758
12/16/19,6932.480469
12/17/19,6640.515137
12/18/19,7276.802734
12/19/19,7202.844238
12/20/19,7218.816406
12/21/19,7191.158691
12/22/19,7511.588867
12/23/19,7355.628418
12/24/19,7322.532227
12/25/19,7275.155762
12/26/19,7238.966797
12/27/19,7290.088379
12/28/19,7317.990234
12/29/19,7422.652832
12/30/19,7292.995117
12/31/19,7193.599121
1/1/20,7200.174316
1/2/20,6985.470215
1/3/20,7344.884277
1/4/20,7410.656738
1/5/20,7411.317383
1/6/20,7769.219238
1/7/20,8163.692383
1/8/20,8079.862793
1/9/20,7879.071289
1/10/20,8166.554199
1/11/20,8037.537598
1/12/20,8192.494141
1/13/20,8144.194336
1/14/20,8827.764648
1/15/20,8807.010742
1/16/20,8723.786133
1/17/20,8929.038086
1/18/20,8942.808594
1/19/20,8706.245117
1/20/20,8657.642578
1/21/20,8745.894531
1/22/20,8680.875977
1/23/20,8406.515625
1/24/20,8445.43457
1/25/20,8367.847656
1/26/20,8596.830078
1/27/20,8909.819336
1/28/20,9358.589844
1/29/20,9316.629883
1/30/20,9508.993164
1/31/20,9350.529297
2/1/20,9392.875
2/2/20,9344.365234
2/3/20,9293.521484
2/4/20,9180.962891
2/5/20,9613.423828
2/6/20,9729.801758
2/7/20,9795.943359
2/8/20,9865.119141
2/9/20,10116.67383
2/10/20,9856.611328
2/11/20,10208.23633
2/12/20,10326.05469
2/13/20,10214.37988
2/14/20,10312.11621
2/15/20,9889.424805
2/16/20,9934.433594
2/17/20,9690.142578
2/18/20,10141.99609
2/19/20,9633.386719
2/20/20,9608.475586
2/21/20,9686.441406
2/22/20,9663.181641
2/23/20,9924.515625
2/24/20,9650.174805
2/25/20,9341.705078
2/26/20,8820.522461
2/27/20,8784.494141
2/28/20,8672.455078
2/29/20,8599.508789
3/1/20,8562.454102
3/2/20,8869.669922
3/3/20,8787.786133
3/4/20,8755.246094
3/5/20,9078.762695
3/6/20,9122.545898
3/7/20,8909.954102
3/8/20,8108.116211
3/9/20,7923.644531
3/10/20,7909.729492
3/11/20,7911.430176
3/12/20,4970.788086
3/13/20,5563.707031
3/14/20,5200.366211
3/15/20,5392.314941
3/16/20,5014.47998
3/17/20,5225.629395
3/18/20,5238.438477
3/19/20,6191.192871
3/20/20,6198.77832
3/21/20,6185.066406
3/22/20,5830.254883
3/23/20,6416.314941
3/24/20,6734.803711
3/25/20,6681.062988
3/26/20,6716.44043
3/27/20,6469.79834
3/28/20,6242.193848
3/29/20,5922.042969
3/30/20,6429.841797
3/31/20,6438.644531
4/1/20,6606.776367
4/2/20,6793.624512
4/3/20,6733.387207
4/4/20,6867.527344
4/5/20,6791.129395
4/6/20,7271.78125
4/7/20,7176.414551
4/8/20,7334.098633
4/9/20,7302.089355
4/10/20,6865.493164
4/11/20,6859.083008
4/12/20,6971.091797
4/13/20,6845.037598
4/14/20,6842.427734
4/15/20,6642.109863
4/16/20,7116.804199
4/17/20,7096.18457
4/18/20,7257.665039
4/19/20,7189.424805
4/20/20,6881.958496
4/21/20,6880.323242
4/22/20,7117.20752
4/23/20,7429.724609
4/24/20,7550.900879
4/25/20,7569.936035
4/26/20,7679.867188
4/27/20,7795.601074
4/28/20,7807.058594
4/29/20,8801.038086
4/30/20,8658.553711
5/1/20,8864.766602
5/2/20,8988.59668
5/3/20,8897.46875
5/4/20,8912.654297
5/5/20,9003.070313
5/6/20,9268.761719
5/7/20,9951.518555
5/8/20,9842.666016
5/9/20,9593.896484
5/10/20,8756.430664
5/11/20,8601.795898
5/12/20,8804.477539
5/13/20,9269.987305
5/14/20,9733.72168
5/15/20,9328.197266
5/16/20,9377.013672
5/17/20,9670.739258
5/18/20,9726.575195
5/19/20,9729.038086
5/20/20,9522.981445
5/21/20,9081.761719
5/22/20,9182.577148
5/23/20,9209.287109
5/24/20,8790.368164
5/25/20,8906.93457
5/26/20,8835.052734
5/27/20,9181.017578
5/28/20,9525.750977
5/29/20,9439.124023
5/30/20,9700.414063
5/31/20,9461.058594
6/1/20,10167.26856
6/2/20,9529.803711
6/3/20,9656.717773
6/4/20,9800.636719
6/5/20,9665.533203
6/6/20,9653.679688
6/7/20,9758.852539
6/8/20,9771.489258
6/9/20,9795.700195
6/10/20,9870.094727
6/11/20,9321.78125
6/12/20,9480.84375
6/13/20,9475.277344
6/14/20,9386.788086
6/15/20,9450.702148
6/16/20,9538.024414
6/17/20,9480.254883
6/18/20,9411.84082
6/19/20,9288.018555
6/20/20,9332.34082
6/21/20,9303.629883
6/22/20,9648.717773
6/23/20,9629.658203
6/24/20,9313.610352
6/25/20,9264.813477
6/26/20,9162.917969
6/27/20,9045.390625
6/28/20,9143.582031
6/29/20,9190.854492
6/30/20,9137.993164
7/1/20,9228.325195
7/2/20,9123.410156
7/3/20,9087.303711
7/4/20,9132.488281
7/5/20,9073.942383
7/6/20,9375.474609
7/7/20,9252.277344
7/8/20,9428.333008
7/9/20,9277.967773
7/10/20,9278.807617
7/11/20,9240.34668
7/12/20,9276.5
7/13/20,9243.614258
7/14/20,9243.213867
7/15/20,9192.836914
7/16/20,9132.227539
7/17/20,9151.392578
7/18/20,9159.040039
7/19/20,9185.817383
7/20/20,9164.231445
7/21/20,9374.887695
7/22/20,9525.363281
7/23/20,9581.072266
7/24/20,9536.892578
7/25/20,9677.113281
7/26/20,9905.166992
7/27/20,10990.87305
7/28/20,10912.82324
7/29/20,11100.46777
7/30/20,11111.21387
7/31/20,11323.4668
8/1/20,11759.59277
8/2/20,11053.61426
8/3/20,11246.34863
8/4/20,11205.89258
8/5/20,11747.02246
8/6/20,11779.77344
8/7/20,11601.47266
8/8/20,11754.0459
8/9/20,11675.73926
8/10/20,11878.11133
8/11/20,11410.52539
8/12/20,11584.93457
8/13/20,11784.1377
8/14/20,11768.87109
8/15/20,11865.69824
8/16/20,11892.80371
8/17/20,12254.40234
8/18/20,11991.2334
8/19/20,11758.2832
8/20/20,11878.37207
8/21/20,11592.48926
8/22/20,11681.8252
8/23/20,11664.84766
8/24/20,11774.5957
8/25/20,11366.13477
8/26/20,11488.36328
8/27/20,11323.39746
8/28/20,11542.5
8/29/20,11506.86523
8/30/20,11711.50586
8/31/20,11680.82031
9/1/20,11970.47852
9/2/20,11414.03418
9/3/20,10245.29688
9/4/20,10511.81348
9/5/20,10169.56738
9/6/20,10280.35156
9/7/20,10369.56348
9/8/20,10131.5166
9/9/20,10242.34766
9/10/20,10363.13867
9/11/20,10400.91504
9/12/20,10442.1709
9/13/20,10323.75586
9/14/20,10680.83789
9/15/20,10796.95117
9/16/20,10974.90527
9/17/20,10948.99023
9/18/20,10944.58594
9/19/20,11094.34668
9/20/20,10938.27148
9/21/20,10462.25977
9/22/20,10538.45996
9/23/20,10246.18652
9/24/20,10760.06641
9/25/20,10692.7168
9/26/20,10750.72363
9/27/20,10775.26953
9/28/20,10709.65234
9/29/20,10844.64063
9/30/20,10784.49121
10/1/20,10619.45215
10/2/20,10575.97461
10/3/20,10549.3291
10/4/20,10669.58301
10/5/20,10793.33984
10/6/20,10604.40625
10/7/20,10668.96875
10/8/20,10915.68555
10/9/20,11064.45801
10/10/20,11296.36133
10/11/20,11384.18164
10/12/20,11555.36328
10/13/20,11425.89941
10/14/20,11429.50684
10/15/20,11495.34961
10/16/20,11322.12305
10/17/20,11358.10156
10/18/20,11483.35938
10/19/20,11742.03711
10/20/20,11916.33496
10/21/20,12823.68945
10/22/20,12965.8916
10/23/20,12931.53906
10/24/20,13108.0625
10/25/20,13031.17383
10/26/20,13075.24805
10/27/20,13654.21875
10/28/20,13271.28516
10/29/20,13437.88281
10/30/20,13546.52246
10/31/20,13780.99512
11/1/20,13737.10938
11/2/20,13550.48926
11/3/20,13950.30078
11/4/20,14133.70703
11/5/20,15579.84863
11/6/20,15565.88086
11/7/20,14833.75391
11/8/20,15479.56738
11/9/20,15332.31543
11/10/20,15290.90234
11/11/20,15701.33984
11/12/20,16276.34375
11/13/20,16317.80859
11/14/20,16068.13867
11/15/20,15955.58789
11/16/20,16716.11133
11/17/20,17645.40625
11/18/20,17804.00586
11/19/20,17817.08984
11/20/20,18621.31445
11/21/20,18642.23242
11/22/20,18370.00195
11/23/20,18364.12109
11/24/20,19107.46484
11/25/20,18732.12109
11/26/20,17150.62305
11/27/20,17108.40234
11/28/20,17717.41406
11/29/20,18177.48438
11/30/20,19625.83594
12/1/20,18802.99805
12/2/20,19201.0918
12/3/20,19445.39844
12/4/20,18699.76563
12/5/20,19154.23047
12/6/20,19345.12109
12/7/20,19191.63086
12/8/20,18321.14453
12/9/20,18553.91602
12/10/20,18264.99219
12/11/20,18058.9043
12/12/20,18803.65625
12/13/20,19142.38281
12/14/20,19246.64453
12/15/20,19417.07617
12/16/20,21310.59766
12/17/20,22805.16211
12/18/20,23137.96094
12/19/20,23869.83203
12/20/20,23477.29492
12/21/20,22803.08203
12/22/20,23783.0293
12/23/20,23241.3457
12/24/20,23735.94922
12/25/20,24664.79102
12/26/20,26437.03711
12/27/20,26272.29492
12/28/20,27084.80859
12/29/20,27362.4375
12/30/20,28840.95313
12/31/20,29001.7207
1/1/21,29374.15234
1/2/21,32127.26758
1/3/21,32782.02344
1/4/21,31971.91406
1/5/21,33992.42969
1/6/21,36824.36328
1/7/21,39371.04297
1/8/21,40797.60938
1/9/21,40254.54688
1/10/21,38356.44141
1/11/21,35566.65625
1/12/21,33922.96094
1/13/21,37316.35938
1/14/21,39187.32813
1/15/21,36825.36719
1/16/21,36178.14063
1/17/21,35791.27734
1/18/21,36630.07422
1/19/21,36069.80469
1/20/21,35547.75
1/21/21,30825.69922
1/22/21,33005.76172
1/23/21,32067.64258
1/24/21,32289.37891
1/25/21,32366.39258
1/26/21,32569.84961
1/27/21,30432.54688
1/28/21,33466.09766
1/29/21,34316.38672
1/30/21,34269.52344
1/31/21,33114.35938
2/1/21,33537.17578
2/2/21,35510.28906
2/3/21,37472.08984
2/4/21,36926.06641
2/5/21,38144.30859
2/6/21,39266.01172
2/7/21,38903.44141
2/8/21,46196.46484
2/9/21,46481.10547
2/10/21,44918.18359
2/11/21,47909.33203
2/12/21,47504.85156
2/13/21,47105.51563
2/14/21,48717.28906
2/15/21,47945.05859
2/16/21,49199.87109
2/17/21,52149.00781
2/18/21,51679.79688
2/19/21,55888.13281
2/20/21,56099.51953
2/21/21,57539.94531
2/22/21,54207.32031
2/23/21,48824.42578
2/24/21,49705.33203
2/25/21,47093.85156
2/26/21,46339.76172
2/27/21,46188.45313
2/28/21,45137.76953
3/1/21,49631.24219
3/2/21,48378.98828
3/3/21,50538.24219
3/4/21,48561.16797
3/5/21,48927.30469
3/6/21,48912.38281
3/7/21,51206.69141
3/8/21,52246.52344
3/9/21,54824.11719
3/10/21,56008.55078
3/11/21,57805.12109
3/12/21,57332.08984
3/13/21,61243.08594
3/14/21,59302.31641
3/15/21,55907.19922
3/16/21,56804.90234
3/17/21,58870.89453
3/18/21,57858.92188
3/19/21,58346.65234
3/20/21,58313.64453
3/21/21,57523.42188
3/22/21,54529.14453
3/23/21,54738.94531
3/24/21,52774.26563
3/25/21,51704.16016
3/26/21,55137.3125
3/27/21,55973.51172
3/28/21,55950.74609
3/29/21,57750.19922
3/30/21,58917.69141
3/31/21,58918.83203
4/1/21,59095.80859
4/2/21,59384.3125
4/3/21,57603.89063
4/4/21,58758.55469
4/5/21,59057.87891
4/6/21,58192.35938
4/7/21,56048.9375
4/8/21,58323.95313
4/9/21,58245.00391
4/10/21,59793.23438
4/11/21,60204.96484
4/12/21,59893.45313
4/13/21,63503.45703
4/14/21,63109.69531
4/15/21,63314.01172
4/16/21,61572.78906
4/17/21,60683.82031
4/18/21,56216.18359
4/19/21,55724.26563
4/20/21,56473.03125
4/21/21,53906.08984
4/22/21,51762.27344
4/23/21,51093.65234
4/24/21,50050.86719
4/25/21,49004.25391
4/26/21,54021.75391
4/27/21,55033.11719
4/28/21,54824.70313
4/29/21,53555.10938
4/30/21,57750.17578
5/1/21,57828.05078
5/2/21,56631.07813
5/3/21,57200.29297
5/4/21,53333.53906
5/5/21,57424.00781
5/6/21,56396.51563
5/7/21,57356.40234
5/8/21,58803.77734
5/9/21,58232.31641
5/10/21,55859.79688
5/11/21,56704.57422
5/12/21,49150.53516
5/13/21,49716.19141
5/14/21,49880.53516
5/15/21,46760.1875
5/16/21,46456.05859
5/17/21,43537.51172
5/18/21,42909.40234
5/19/21,37002.44141
5/20/21,40782.73828
5/21/21,37304.69141
5/22/21,37536.63281
5/23/21,34770.58203
5/24/21,38705.98047
5/25/21,38402.22266
5/26/21,39294.19922
5/27/21,38436.96875
5/28/21,35697.60547
5/29/21,34616.06641
5/30/21,35678.12891
5/31/21,37332.85547
6/1/21,36684.92578
6/2/21,37575.17969
6/3/21,39208.76563
6/4/21,36894.40625
6/5/21,35551.95703
6/6/21,35862.37891
6/7/21,33560.70703
6/8/21,33472.63281
6/9/21,37345.12109
6/10/21,36702.59766
6/11/21,37334.39844
6/12/21,35552.51563
6/13/21,39097.85938
6/14/21,40218.47656
6/15/21,40406.26953
6/16/21,38347.0625
6/17/21,38053.50391
6/18/21,35787.24609
6/19/21,35615.87109
6/20/21,35698.29688
6/21/21,31676.69336
6/22/21,32505.66016
6/23/21,33723.02734
6/24/21,34662.4375
6/25/21,31637.7793
6/26/21,32186.27734
6/27/21,34649.64453
6/28/21,34434.33594
6/29/21,35867.77734
6/30/21,35040.83594
7/1/21,33572.11719
7/2/21,33897.04688
7/3/21,34668.54688
7/4/21,35287.78125
7/5/21,33746.00391
7/6/21,34235.19531
7/7/21,33855.32813
7/8/21,32877.37109
7/9/21,33798.01172
7/10/21,33520.51953
7/11/21,34240.1875
7/12/21,33155.84766
7/13/21,32702.02539
7/14/21,32822.34766
7/15/21,31780.73047
7/16/21,31421.53906
7/17/21,31533.06836
7/18/21,31796.81055
7/19/21,30817.83203
7/20/21,29807.34766
7/21/21,32110.69336
7/22/21,32313.10547
7/23/21,33581.55078
7/24/21,34292.44531
7/25/21,35350.1875
7/26/21,37337.53516
7/27/21,39406.94141
7/28/21,39995.90625
7/29/21,40008.42188
7/30/21,42235.54688
7/31/21,41626.19531
8/1/21,39974.89453
8/2/21,39201.94531
8/3/21,38152.98047
8/4/21,39747.50391
8/5/21,40869.55469
8/6/21,42816.5
8/7/21,44555.80078
8/8/21,43798.11719
8/9/21,46365.40234
8/10/21,45585.03125
8/11/21,45593.63672
8/12/21,44428.28906
8/13/21,47793.32031
8/14/21,47096.94531
8/15/21,47047.00391
8/16/21,46004.48438
8/17/21,44695.35938
8/18/21,44801.1875
8/19/21,46717.57813
8/20/21,49339.17578
8/21/21,48905.49219
8/22/21,49321.65234
8/23/21,49546.14844
8/24/21,47706.11719
8/25/21,48960.78906
8/26/21,46942.21875
8/27/21,49058.66797
8/28/21,48902.40234
8/29/21,48829.83203
8/30/21,47054.98438
8/31/21,47166.6875
9/1/21,48847.02734
9/2/21,49327.72266
9/3/21,50025.375
9/4/21,49944.625
9/5/21,51753.41016
9/6/21,52633.53516
9/7/21,46811.12891
9/8/21,46091.39063
9/9/21,46391.42188
9/10/21,44883.91016
9/11/21,45201.45703
9/12/21,46063.26953
9/13/21,44963.07422
9/14/21,47092.49219
9/15/21,48176.34766
9/16/21,47783.35938
9/17/21,47267.51953
9/18/21,48278.36328
9/19/21,47260.21875
9/20/21,42843.80078
9/21/21,40693.67578
9/22/21,43574.50781
9/23/21,44895.09766
9/24/21,42839.75
9/25/21,42716.59375
9/26/21,43208.53906
9/27/21,42235.73047
9/28/21,41034.54297
9/29/21,41564.36328
9/30/21,43790.89453
10/1/21,48116.94141
10/2/21,47711.48828
10/3/21,48199.95313
10/4/21,49112.90234
10/5/21,51514.8125
10/6/21,55361.44922
10/7/21,53805.98438
10/8/21,53967.84766
10/9/21,54968.22266
10/10/21,54771.57813
10/11/21,57484.78906
10/12/21,56041.05859
10/13/21,57401.09766
10/14/21,57321.52344
10/15/21,61593.94922
10/16/21,60892.17969
10/17/21,61553.61719
10/18/21,62026.07813
10/19/21,64261.99219
10/20/21,65992.83594
10/21/21,62210.17188
10/22/21,60692.26563
10/23/21,61393.61719
10/24/21,60930.83594
10/25/21,63039.82422
10/26/21,60363.79297
10/27/21,58482.38672
10/28/21,60622.13672
10/29/21,62227.96484
10/30/21,61888.83203
10/31/21,61318.95703
11/1/21,61004.40625
11/2/21,63226.40234
11/3/21,62970.04688
11/4/21,61452.23047
11/5/21,61125.67578
11/6/21,61527.48047
11/7/21,63326.98828
11/8/21,67566.82813
11/9/21,66971.82813
11/10/21,64995.23047
11/11/21,64949.96094
11/12/21,64155.94141
11/13/21,64469.52734
11/14/21,65466.83984
11/15/21,63557.87109
11/16/21,60161.24609
11/17/21,60368.01172
11/18/21,56942.13672
11/19/21,58119.57813
11/20/21,59697.19531
11/21/21,58730.47656
11/22/21,56289.28906
11/23/21,57569.07422
11/24/21,56280.42578
11/25/21,57274.67969
11/26/21,53569.76563
11/27/21,54815.07813
11/28/21,57248.45703
11/29/21,57806.56641
11/30/21,57005.42578
12/1/21,57229.82813
12/2/21,56477.81641
12/3/21,53598.24609
12/4/21,49200.70313
12/5/21,49368.84766
12/6/21,50582.625
12/7/21,50700.08594
12/8/21,50504.79688
12/9/21,47672.12109
12/10/21,47243.30469
12/11/21,49362.50781
12/12/21,50098.33594
12/13/21,46737.48047
12/14/21,46612.63281
12/15/21,48896.72266
12/16/21,47665.42578
12/17/21,46202.14453
12/18/21,46848.77734
12/19/21,46707.01563
12/20/21,46880.27734
12/21/21,48936.61328
12/22/21,48628.51172
12/23/21,50784.53906
12/24/21,50822.19531
12/25/21,50429.85938
12/26/21,50809.51563
12/27/21,50640.41797
12/28/21,47588.85547
12/29/21,46444.71094
12/30/21,47178.125
12/31/21,46306.44531
1/1/22,47686.8125
1/2/22,47345.21875
1/3/22,46458.11719
1/4/22,45897.57422
1/5/22,43569.00391
1/6/22,43160.92969
1/7/22,41557.90234
1/8/22,41733.94141
1/9/22,41911.60156
1/10/22,41821.26172
1/11/22,42735.85547
1/12/22,43949.10156
1/13/22,42591.57031
1/14/22,43099.69922
1/15/22,43177.39844
1/16/22,43113.87891
1/17/22,42250.55078
1/18/22,42375.63281
1/19/22,41744.32813
1/20/22,40680.41797
1/21/22,36457.31641
1/22/22,35030.25
1/23/22,36276.80469
1/24/22,36654.32813
1/25/22,36954.00391
1/26/22,36852.12109
1/27/22,37138.23438
1/28/22,37784.33203
1/29/22,38138.17969
1/30/22,37917.60156
1/31/22,38483.125
2/1/22,38743.27344
2/2/22,36952.98438
2/3/22,37154.60156
2/4/22,41500.875
2/5/22,41441.16406
2/6/22,42412.43359
2/7/22,43840.28516
2/8/22,44118.44531
2/9/22,44338.79688
2/10/22,43565.11328
2/11/22,42407.9375
2/12/22,42244.46875
2/13/22,42197.51563
2/14/22,42586.91797
2/15/22,44575.20313
2/16/22,43961.85938
2/17/22,40538.01172
2/18/22,40030.97656
2/19/22,40122.15625
2/20/22,38431.37891
2/21/22,37075.28125
2/22/22,38286.02734
2/23/22,37296.57031
2/24/22,38332.60938
2/25/22,39214.21875
2/26/22,39105.14844
2/27/22,37709.78516
2/28/22,43193.23438
3/1/22,44354.63672
3/2/22,43924.11719
3/3/22,42451.78906
3/4/22,39137.60547
3/5/22,39400.58594
3/6/22,38419.98438
3/7/22,38062.03906
3/8/22,38737.26953
3/9/22,41982.92578
3/10/22,39437.46094
3/11/22,38794.97266
3/12/22,38904.01172
3/13/22,37849.66406
3/14/22,39666.75391
3/15/22,39338.78516
3/16/22,41143.92969
3/17/22,40951.37891
3/18/22,41801.15625
3/19/22,42190.65234
3/20/22,41247.82422
3/21/22,41077.99609
3/22/22,42358.80859
3/23/22,42892.95703
3/24/22,43960.93359
3/25/22,44348.73047
3/26/22,44500.82813
3/27/22,46820.49219
3/28/22,47128.00391
3/29/22,47465.73047
3/30/22,47062.66406
3/31/22,45538.67578
4/1/22,46281.64453
4/2/22,45868.94922
4/3/22,46453.56641
4/4/22,46622.67578
4/5/22,45555.99219
4/6/22,43206.73828
4/7/22,43503.84766
4/8/22,42287.66406
4/9/22,42782.13672
4/10/22,42207.67188
4/11/22,39521.90234
4/12/22,40127.18359
4/13/22,41166.73047
4/14/22,39935.51563
4/15/22,40553.46484
4/16/22,40424.48438
4/17/22,39716.95313
4/18/22,40826.21484
4/19/22,41502.75
4/20/22,41374.37891
4/21/22,40527.36328
4/22/22,39740.32031
4/23/22,39486.73047
4/24/22,39469.29297
4/25/22,40458.30859
4/26/22,38117.46094
4/27/22,39241.12109
4/28/22,39773.82813
4/29/22,38609.82422
4/30/22,37714.875
5/1/22,38469.09375
5/2/22,38529.32813
5/3/22,37750.45313
5/4/22,39698.37109
5/5/22,36575.14063
5/6/22,36040.92188
5/7/22,35501.95313
5/8/22,34059.26563
5/9/22,30296.95313
5/10/22,31022.90625
5/11/22,28936.35547
5/12/22,29047.75195
5/13/22,29283.10352
5/14/22,30101.26563
5/15/22,31305.11328
5/16/22,29862.91797
5/17/22,30425.85742
5/18/22,28720.27148
5/19/22,30314.33398
5/20/22,29200.74023
5/21/22,29432.22656
5/22/22,30323.72266
5/23/22,29098.91016
5/24/22,29655.58594
5/25/22,29562.36133
5/26/22,29267.22461
5/27/22,28627.57422
5/28/22,28814.90039
5/29/22,29445.95703
5/30/22,31726.39063
5/31/22,31792.31055
6/1/22,29799.08008
6/2/22,30467.48828
6/3/22,29704.39063
6/4/22,29832.91406
6/5/22,29906.66211
6/6/22,31370.67188
6/7/22,31155.47852
6/8/22,30214.35547
6/9/22,30111.99805
6/10/22,29083.80469
6/11/22,28360.81055
6/12/22,26762.64844
6/13/22,22487.38867
6/14/22,22206.79297
6/15/22,22572.83984
6/16/22,20381.65039
6/17/22,20471.48242
6/18/22,19017.64258
6/19/22,20553.27148
6/20/22,20599.53711
6/21/22,20710.59766
6/22/22,19987.0293
6/23/22,21085.87695
6/24/22,21231.65625
6/25/22,21502.33789
6/26/22,21027.29492
6/27/22,20735.47852
6/28/22,20280.63477
6/29/22,20104.02344
6/30/22,19784.72656
7/1/22,19269.36719
7/2/22,19242.25586
7/3/22,19297.07617
7/4/22,20231.26172
7/5/22,20190.11523
7/6/22,20548.24609
7/7/22,21637.58789
7/8/22,21731.11719
7/9/22,21592.20703
7/10/22,20860.44922
7/11/22,19970.55664
7/12/22,19323.91406
7/13/22,20212.07422
7/14/22,20569.91992
7/15/22,20836.32813
7/16/22,21190.31641
7/17/22,20779.34375
7/18/22,22485.68945
7/19/22,23389.43359
7/20/22,23231.73242
7/21/22,23164.62891
7/22/22,22714.97852
7/23/22,22465.47852
7/24/22,22609.16406
7/25/22,21361.70117
7/26/22,21239.75391
7/27/22,22930.54883
7/28/22,23843.88672
7/29/22,23804.63281
7/30/22,23656.20703
7/31/22,23336.89648
8/1/22,23314.19922
8/2/22,22978.11719
8/3/22,22846.50781
8/4/22,22630.95703
8/5/22,23289.31445
8/6/22,22961.2793
8/7/22,23175.89063
8/8/22,23809.48633
8/9/22,23164.31836
8/10/22,23947.64258
8/11/22,23957.5293
8/12/22,24402.81836
8/13/22,24424.06836
8/14/22,24319.33398
8/15/22,24136.97266
8/16/22,23883.29102
8/17/22,23335.99805
8/18/22,23212.73828
8/19/22,20877.55273
8/20/22,21166.06055
8/21/22,21534.12109
8/22/22,21398.9082
8/23/22,21528.08789
8/24/22,21395.01953
8/25/22,21600.9043
8/26/22,20260.01953
8/27/22,20041.73828
8/28/22,19616.81445
8/29/22,20297.99414
8/30/22,19796.80859
8/31/22,20049.76367
9/1/22,20127.14063
9/2/22,19969.77148
9/3/22,19832.08789
9/4/22,19986.71289
9/5/22,19812.37109
9/6/22,18837.66797
9/7/22,19290.32422
9/8/22,19329.83398
9/9/22,21381.15234
9/10/22,21680.53906
9/11/22,21769.25586
9/12/22,22370.44922
9/13/22,20296.70703
9/14/22,20241.08984
9/15/22,19701.21094
9/16/22,19772.58398
9/17/22,20127.57617
9/18/22,19419.50586
9/19/22,19544.12891
9/20/22,18890.78906
9/21/22,18547.40039
9/22/22,19413.55078
9/23/22,19297.63867
9/24/22,18937.01172
9/25/22,18802.09766
9/26/22,19222.67188
9/27/22,19110.54688
9/28/22,19426.7207
9/29/22,19573.05078
9/30/22,19431.78906
10/1/22,19312.0957
10/2/22,19044.10742
10/3/22,19623.58008
10/4/22,20336.84375
10/5/22,20160.7168
10/6/22,19955.44336
10/7/22,19546.84961
10/8/22,19416.56836
10/9/22,19446.42578
10/10/22,19141.48438
10/11/22,19051.41797
10/12/22,19157.44531
10/13/22,19382.9043
10/14/22,19185.65625
10/15/22,19067.63477
10/16/22,19268.09375
10/17/22,19550.75781
10/18/22,19334.41602
10/19/22,19139.53516
10/20/22,19053.74023
10/21/22,19172.46875
10/22/22,19208.18945
10/23/22,19567.00781
10/24/22,19345.57227
10/25/22,20095.85742
10/26/22,20770.44141
10/27/22,20285.83594
10/28/22,20595.35156
10/29/22,20818.47656
10/30/22,20635.60352
10/31/22,20495.77344
11/1/22,20485.27344
11/2/22,20159.50391
11/3/22,20209.98828
11/4/22,21147.23047
11/5/22,21282.69141
11/6/22,20926.48633
11/7/22,20602.81641
11/8/22,18541.27148
11/9/22,15880.78027
11/10/22,17586.77148
11/11/22,17034.29297
11/12/22,16799.18555
11/13/22,16353.36523
11/14/22,16618.19922
11/15/22,16884.61328
11/16/22,16669.43945
11/17/22,16687.51758
11/18/22,16697.77734
11/19/22,16711.54688
11/20/22,16291.83203
11/21/22,15787.28418
11/22/22,16189.76953
11/23/22,16610.70703
11/24/22,16604.46484
11/25/22,16521.8418
11/26/22,16464.28125
11/27/22,16444.62695
11/28/22,16217.32227
11/29/22,16444.98242
11/30/22,17168.56641
12/1/22,16967.13281
12/2/22,17088.66016
12/3/22,16908.23633
12/4/22,17130.48633
12/5/22,16974.82617
12/6/22,17089.50391
12/7/22,16848.12695
12/8/22,17233.47461
12/9/22,17133.15234
12/10/22,17128.72461
12/11/22,17104.19336
12/12/22,17206.4375
12/13/22,17781.31836
12/14/22,17815.65039
12/15/22,17364.86523
12/16/22,16647.48438
12/17/22,16795.0918
12/18/22,16757.97656
12/19/22,16439.67969
12/20/22,16906.30469
12/21/22,16817.53516
12/22/22,16830.3418
12/23/22,16796.95313
12/24/22,16847.75586
12/25/22,16841.98633
12/26/22,16919.80469
12/27/22,16717.17383
12/28/22,16552.57227
12/29/22,16642.3418
12/30/22,16602.58594
12/31/22,16547.49609
1/1/23,16625.08008
1/2/23,16688.4707
1/3/23,16679.85742
1/4/23,16863.23828
1/5/23,16836.73633
1/6/23,16951.96875
1/7/23,16955.07813
1/8/23,17091.14453
1/9/23,17196.55469
1/10/23,17446.29297
1/11/23,17934.89648
1/12/23,18869.58789
1/13/23,19909.57422
1/14/23,20976.29883
1/15/23,20880.79883
1/16/23,21169.63281
1/17/23,21161.51953
1/18/23,20688.78125
1/19/23,21086.79297
1/20/23,22676.55273
1/21/23,22777.625
1/22/23,22720.41602
1/23/23,22934.43164
1/24/23,22636.46875
1/25/23,23117.85938
1/26/23,23032.77734
1/27/23,23078.72852
1/28/23,23031.08984
1/29/23,23774.56641
1/30/23,22840.13867
1/31/23,23139.2832
2/1/23,23723.76953
2/2/23,23471.87109
2/3/23,23449.32227
2/4/23,23331.84766
2/5/23,22955.66602
2/6/23,22760.10938
2/7/23,23264.29102
2/8/23,22939.39844
2/9/23,21819.03906
2/10/23,21651.18359
2/11/23,21870.875
2/12/23,21788.20313
2/13/23,21808.10156
2/14/23,22220.80469
2/15/23,24307.8418
2/16/23,23623.47461
2/17/23,24565.60156
2/18/23,24641.27734
2/19/23,24327.64258
2/20/23,24829.14844
2/21/23,24436.35352
2/22/23,24188.84375
2/23/23,23947.49219
2/24/23,23198.12695
2/25/23,23175.375
2/26/23,23561.21289
2/27/23,23522.87109
2/28/23,23147.35352
3/1/23,23646.55078
3/2/23,23475.4668
3/3/23,22362.67969
3/4/23,22353.34961
3/5/23,22435.51367
3/6/23,22429.75781
3/7/23,22219.76953
3/8/23,21718.08008
3/9/23,20363.02148
3/10/23,20187.24414
3/11/23,20632.41016
3/12/23,22163.94922
3/13/23,24197.5332
3/14/23,24746.07422
3/15/23,24375.96094
3/16/23,25052.78906
3/17/23,27423.92969
3/18/23,26965.87891
3/19/23,28038.67578
3/20/23,27767.23633
3/21/23,28175.81641
3/22/23,27307.4375
3/23/23,28333.97266
3/24/23,27493.28516
3/25/23,27494.70703
3/26/23,27994.33008
3/27/23,27139.88867
3/28/23,27268.13086
3/29/23,28348.44141
3/30/23,28033.5625
3/31/23,28478.48438
4/1/23,28411.03516
4/2/23,28199.30859
4/3/23,27790.2207
4/4/23,28168.08984
4/5/23,28177.98438
4/6/23,28044.14063
4/7/23,27925.85938
4/8/23,27947.79492
4/9/23,28333.05078
4/10/23,29652.98047
4/11/23,30235.05859
4/12/23,30139.05273
4/13/23,30399.06641
4/14/23,30485.69922
4/15/23,30318.49609
4/16/23,30315.35547
4/17/23,29445.04492
4/18/23,30397.55273
4/19/23,28822.67969
4/20/23,28245.98828
4/21/23,27276.91016
4/22/23,27817.5
4/23/23,27591.38477
4/24/23,27525.33984
4/25/23,28307.59766
4/26/23,28422.70117
4/27/23,29473.78711
4/28/23,29340.26172
4/29/23,29248.48828
4/30/23,29268.80664
5/1/23,28091.56836
5/2/23,28680.53711
5/3/23,29006.30859
5/4/23,28847.71094
5/5/23,29534.38477
5/6/23,28904.62305
5/7/23,28454.97852
5/8/23,27694.27344
5/9/23,27658.77539
5/10/23,27621.75586
5/11/23,27000.78906
5/12/23,26804.99023
5/13/23,26784.07813
5/14/23,26930.63867
5/15/23,27192.69336
5/16/23,27036.65039
5/17/23,27398.80273
5/18/23,26832.20898
5/19/23,26890.12891
5/20/23,27129.58594
5/21/23,26753.82617
5/22/23,26851.27734
5/23/23,27225.72656
5/24/23,26334.81836
5/25/23,26476.20703
5/26/23,26719.29102
5/27/23,26868.35352
5/28/23,28085.64648
5/29/23,27745.88477
5/30/23,27702.34961
5/31/23,27219.6582
6/1/23,26819.97266
6/2/23,27249.58984
6/3/23,27075.12891
6/4/23,27119.06641
6/5/23,25760.09766
6/6/23,27238.7832
6/7/23,26345.99805
6/8/23,26508.2168
6/9/23,26480.375
6/10/23,25851.24023
6/11/23,25940.16797
6/12/23,25902.5
6/13/23,25918.72852
6/14/23,25124.67578
6/15/23,25576.39453
6/16/23,26327.46289
6/17/23,26510.67578
6/18/23,26336.21289
6/19/23,26851.0293
6/20/23,28327.48828
6/21/23,30027.29688
6/22/23,29912.28125
6/23/23,30695.46875
6/24/23,30548.69531
6/25/23,30480.26172
6/26/23,30271.13086
6/27/23,30688.16406
6/28/23,30086.24609
6/29/23,30445.35156
6/30/23,30477.25195
7/1/23,30590.07813
7/2/23,30620.76953
7/3/23,31156.43945
7/4/23,30777.58203
7/5/23,30514.16602
7/6/23,29909.33789
7/7/23,30342.26563
7/8/23,30292.54102
7/9/23,30171.23438
7/10/23,30414.4707
7/11/23,30620.95117
7/12/23,30391.64648
7/13/23,31476.04883
7/14/23,30334.06836
7/15/23,30295.80664
7/16/23,30249.13281
7/17/23,30145.88867
7/18/23,29856.5625
7/19/23,29913.92383
7/20/23,29792.01563
7/21/23,29908.74414
7/22/23,29771.80273
7/23/23,30084.53906
7/24/23,29176.91602
7/25/23,29227.39063
7/26/23,29354.97266
7/27/23,29210.68945
7/28/23,29319.24609
7/29/23,29356.91797
7/30/23,29275.30859
7/31/23,29230.11133
8/1/23,29675.73242
8/2/23,29151.95898
8/3/23,29178.67969
8/4/23,29074.0918
8/5/23,29042.12695
8/6/23,29041.85547
8/7/23,29180.57813
8/8/23,29765.49219
8/9/23,29561.49414
8/10/23,29429.5918
8/11/23,29397.71484
8/12/23,29415.96484
8/13/23,29282.91406
8/14/23,29408.44336
8/15/23,29170.34766
8/16/23,28701.7793
8/17/23,26664.55078
8/18/23,26049.55664
8/19/23,26096.20508
8/20/23,26189.58398
8/21/23,26124.14063
8/22/23,26031.65625
8/23/23,26431.64063
8/24/23,26162.37305
8/25/23,26047.66797
8/26/23,26008.46289
8/27/23,26089.69336
8/28/23,26106.15039
8/29/23,27727.39258
8/30/23,27297.26563
8/31/23,25931.47266
9/1/23,25800.72461
9/2/23,25868.79883
9/3/23,25969.56641
9/4/23,25812.41602
9/5/23,25779.98242
9/6/23,25753.23633
9/7/23,26240.19531
9/8/23,25905.6543
9/9/23,25895.67773
9/10/23,25832.22656
9/11/23,25162.6543
9/12/23,25833.34375
9/13/23,26228.32422
9/14/23,26539.67383
9/15/23,26608.69336
9/16/23,26568.28125
9/17/23,26534.1875
9/18/23,26754.28125
9/19/23,27211.11719
9/20/23,27132.00781
9/21/23,26567.63281
9/22/23,26579.56836
9/23/23,26579.39063
9/24/23,26256.82617
9/25/23,26298.48047
9/26/23,26217.25
9/27/23,26352.7168
9/28/23,27021.54688
9/29/23,26911.7207
9/30/23,26967.91602
10/1/23,27983.75